PEM Size (MW),Curtailment Recovery (%),Discounted LCOH (EUR/kg H2),NPV (EUR),H2 (kg/year),Utilization (%),Avoided Curtailment (MWh),Residual Curtailment (MWh),Lost Export Energy (MWh),PV Opportunity Cost (EUR/year),Pareto Efficient,Balanced Distance to Ideal,Balanced Compromise
0.1,5.964541851356653,5.60634214700776,44870.122542464575,3761.4368452087997,22.611575342465752,158.82490000000007,2503.9932,39.2525,6404.947424999999,True,0.5918791835873651,False
0.11,6.555990437349056,5.609693541519117,49202.400786260085,4134.551816654379,22.594499792444996,174.57409999999982,2488.244,43.1465,7042.31868,True,0.5878676885299486,False
0.12,7.1465489888325395,5.6124934612382065,53532.8363944235,4507.522480345332,22.579261796042616,190.29959999999983,2472.5185,47.0536,7678.895055,True,0.5838651586084883,False
0.13,7.736161174509058,5.615828112379512,57817.38687599679,4880.014583827877,22.56402353354408,205.9998999999998,2456.8182,50.9592,8317.482247,True,0.5798770323599525,False
0.14,8.325198780945636,5.61816103403807,62116.66023011829,5251.74157509613,22.547790280495757,221.68489999999974,2441.1332,54.8412,8948.993587,True,0.5758936357425875,False
0.15,8.91308347348247,5.621412994989673,66359.98466642789,5623.7341439918655,22.534353120243534,237.3391999999999,2425.4789,58.7622,9588.900457,True,0.5719273784543725,False
0.16,9.499803985859947,5.624780899669136,70570.44904935187,5995.199925875655,22.52046232876712,252.9625000000001,2409.8556,62.6843,10228.958843,True,0.5679754150580826,False
0.17,10.085837256401408,5.627780700066711,74757.704000979,6364.805202288497,22.502068224550094,268.5675000000001,2394.2506,66.5333,10858.705237999999,True,0.5640331719335593,False
0.18,10.671307213962523,5.6309374431189365,78931.48054325752,6735.6520026398175,22.489358193810247,284.1574999999998,2378.6606,70.4547,11498.716977,True,0.5600996578650419,False
0.19,11.255902158694209,5.63411207836684,83079.51974152186,7106.104630678416,22.476652247055995,299.7242000000001,2363.0939,74.3772,12138.976391999999,True,0.5561778196297592,False
0.2,11.839036245096874,5.636837014761632,87199.09291242243,7473.376591142295,22.45614726027397,315.25199999999995,2347.5661,78.1797,12760.296806999999,True,0.5522703400684259,False
0.21,12.421877408749774,5.639998653651006,91298.16263413649,7842.876643229306,22.44336812350511,330.77199999999993,2332.0461,82.0962,13399.609272,True,0.5483714248122001,False
0.22,13.00439185087408,5.642991411394833,95387.15034065166,8212.20842713807,22.431299294312993,346.28330000000005,2316.5348,86.0127,14038.921737,True,0.5444788680537079,False
0.23,13.586613370248605,5.64544833491223,99486.57590736302,8580.677791826382,22.41818046456224,361.78679999999986,2301.0313,89.8947,14670.977817000003,True,0.5405892951469263,False
0.24,14.16778712747972,5.648399981574928,103526.14323185588,8948.588367771968,22.4046851217656,377.26240000000007,2285.5557,93.7737,15306.115587,True,0.5367170317818427,False
0.25,14.748420104249698,5.650944593251499,107566.7531870766,9315.38820587091,22.389762557077624,392.7235999999998,2270.0945,97.6122,15933.356382000002,True,0.5328503841713471,False
0.26,15.328632473994377,5.653683009423533,111590.38305985296,9683.494870354858,22.378657358623112,408.1736000000001,2254.6445,101.5227,16571.728736999998,True,0.5289923847153166,False
0.27,15.90860449686744,5.655966981607151,115614.91986573608,10049.781732207686,22.364679519702346,423.61720000000014,2239.2009,105.3522,17197.256517,True,0.5251378473169166,False
0.28,16.488016962180033,5.658538347238626,119615.14135622105,10417.429751598665,22.354272667971298,439.0459000000001,2223.7722,109.2597,17835.153147000005,True,0.5212939154555649,False
0.29,17.066389176188938,5.661191886881369,123585.97225261698,10784.587243884953,22.343493150684935,454.4468999999999,2208.3712,113.1672,18473.049777,True,0.5174632068255343,False
0.3,17.643777470192198,5.663131368749152,127570.94091187853,11148.48132822867,22.327340182648403,469.82169999999996,2192.9964,116.9408,19086.450843,True,0.5136378525009068,False
0.31,18.219058973649,5.66579675482155,131481.9401143444,11513.219808432877,22.313381941375752,485.1403999999998,2177.6777,120.8018,19714.404498,True,0.5098390123485849,False
0.32,18.79379594122482,5.668407488914364,135378.2970870184,11877.646285345161,22.299696775114153,500.4445999999998,2162.3735,124.6605,20341.884775,True,0.5060485141757364,False
0.33,19.367917019942137,5.6710590867091515,139226.6580747899,12239.661630675315,22.282772934827726,515.7323999999999,2147.0857,128.418,20958.09448,True,0.5022700661059243,False
0.34,19.941317058044625,5.674086860041815,143024.07455785223,12602.211292676588,22.267610126242275,531.0009999999997,2131.8171,132.2175,21583.996225,True,0.4985064609929238,False
0.35,20.512689169417918,5.677269937610819,146798.16078992965,12965.882314305603,22.25478147423353,546.2156,2116.6025,136.116,22220.473149999998,True,0.49476229331492816,False
0.36,21.082934654830538,5.6805043539410685,150540.60905180688,13329.025300268735,22.241714231354646,561.4002,2101.4179,140.0145,22856.950075,True,0.49103225312818893,False
0.37,21.651937096266547,5.683471403778513,154274.61437715648,13690.42271059866,22.22661977045539,576.5517,2086.2664,143.8575,23482.194355,True,0.487313107398594,False
0.38,22.219482434793427,5.686880931345253,157942.11695096502,14052.271488614364,22.212776375871186,591.6644000000001,2071.1537,147.7545,24118.367695,True,0.48361548641048896,False
0.39,22.785431719876016,5.690042860720369,161596.97143518875,14412.151412979996,22.19668657065917,606.7345999999998,2056.0835,151.593,24742.23673,True,0.47993131515047194,False
0.4,23.349784951514334,5.69341751142386,165168.3875271424,14768.71741457433,22.17667808219178,621.7622999999999,2041.0558,155.3085,25352.656375,True,0.47626924292856765,False
0.41,23.912906405435656,5.697164689193282,168691.57081935558,15127.130259590851,22.159948212495824,636.7572,2026.0609,159.1395,25981.638939999997,True,0.4726258748140361,False
0.42,24.47582131126418,5.7007340803229445,172228.23564221422,15486.70375362028,22.14552620134812,651.7466,2011.0715,163.0316,26617.171006999997,True,0.46898618829213035,False
0.43,25.03797762227919,5.703540334173848,175797.61976166145,15841.878046011292,22.12611235000531,666.7158,1996.1023,166.7306,27218.086082,True,0.46534684599565784,False
0.44,25.59894722061563,5.70676559105634,179299.0329491843,16197.701114395786,22.10826328352013,681.6533999999999,1981.1647,170.4875,27831.483602,True,0.46172787644780344,False
0.45,26.15839962932504,5.710076896899027,182775.0220996385,16554.105129397263,22.091757990867578,696.5506,1966.2675,174.3065,28451.918027,True,0.45812548755242094,False
0.46,26.715835377564844,5.713917296772998,186159.18366167802,16910.959659346296,22.07627556084971,711.3941,1951.424,178.1915,29086.234232000003,True,0.45455173136998617,False
0.47,27.2715624097643,5.71751982350295,189514.06962905073,17264.081675094953,22.056922180122417,726.1921,1936.626,181.9355,29697.843092,True,0.4509929727101564,False
0.48,27.82582107279502,5.721529183340624,192809.761872105,17619.390638575725,22.040727264079145,740.951,1921.8671,185.8175,30331.676162000003,True,0.4474565091118129,False
0.49,28.378615122076866,5.725600841405252,196063.92085016496,17974.00641456378,22.024284782406113,755.6708999999998,1907.1472,189.6995,30965.509231999997,True,0.4439376952808623,False
0.5,28.93020743700067,5.728878570597574,199360.62483950047,18323.35647830993,22.002632420091324,770.3588,1892.4593,193.3565,31557.511801999994,True,0.44041955988693715,False
0.51,29.479204756795063,5.733187846869757,202509.7541705688,18676.109450317585,21.985224729161068,784.9775999999999,1877.8405,197.2343,32190.57581,True,0.43694391530869187,False
0.52,30.026699908641902,5.737556731593751,205615.79874880024,19028.181939458438,21.96763479100808,799.5563999999999,1863.2617,201.1133,32823.91001,True,0.4334864671720911,False
0.53,30.572764245518684,5.741966028341481,208681.56991452345,19379.58226796267,21.94988799862152,814.0971,1848.721,204.9923,33457.244210000004,True,0.4300464332504453,False
0.54,31.117454098723456,5.746457937094763,211681.82165240814,19728.64862433278,21.930312447150342,828.6012000000001,1834.2169,208.7903,34081.89521,True,0.4266255280416719,False
0.55,31.660431480468006,5.750582221826077,214709.34363160617,20076.867280257597,21.910462847654628,843.0597,1819.7584,212.5864,34697.426337000004,True,0.4232141653633477,False
0.56,32.20271410953681,5.754723906849071,217686.29171062476,20422.93314650475,21.88917971298108,857.4996999999998,1805.3184,216.2959,35303.796462,True,0.41981580427862447,False
0.57,32.74435831722789,5.758701430467055,220663.2771584576,20768.565184292136,21.8681927421293,871.9226999999998,1790.8954,219.9999,35907.125422,True,0.41642458758803813,False
0.58,33.28406472826665,5.762980729763392,223513.0452652647,21109.555844356655,21.843390804597703,886.2941000000001,1776.524,223.5249,36492.82748199999,True,0.4130623377102232,False
0.59,33.82247927487049,5.767561631856469,226332.12673165376,21455.2549271018,21.82369785620308,900.6311000000001,1762.187,227.3049,37115.073607,True,0.4097205642152603,False
0.6,34.35991741230841,5.771650933148461,229210.4148659035,21800.43864242742,21.804109589041094,914.9421,1747.876,231.0819,37726.795072,True,0.4063796571217926,False
0.61,34.896660797070595,5.775704883558114,232067.15757898838,22145.23283678873,21.784761209671384,929.2346,1733.5835,234.8559,38338.307032,True,0.403049466981333,False
0.62,35.43174428625072,5.779821433456279,234879.1586735418,22489.188037873944,21.765167918692,943.4829,1719.3352,238.6269,38949.173182,True,0.39973875781138235,False
0.63,35.96535940626211,5.78448732609992,237531.55983260623,22830.452235554152,21.74375226498514,957.6921,1705.126,242.3021,39559.848296,True,0.3964609294026769,False
0.64,36.497029218781414,5.789144019040466,240190.0979910323,23174.762554497604,21.72546197203196,971.8495,1690.9686,246.1668,40191.12927599999,True,0.39320123039885013,False
0.65,37.027305770529345,5.793884698012197,242776.6429517361,23516.39571307986,21.705384615384617,985.9697999999999,1676.8483,249.9348,40812.081066,True,0.3899616332155366,False
0.66,37.556436919217276,5.798234439304696,245387.72001665668,23855.34799802954,21.683623910336237,1000.0596,1662.7585,253.6008,41411.400666,True,0.38672663106173377,False
0.67,38.08479069599234,5.802542544881082,247977.19493804782,24193.81391403662,21.662071491855787,1014.1287,1648.6894,257.2616,42009.839452,True,0.3835029754160877,False
0.68,38.61212675398293,5.8068315749699515,250539.77127891738,24531.69800076916,21.640609051839913,1028.1707,1634.6474,260.9171,42607.34798199999,True,0.3802928386761159,False
0.69,39.137442396084055,5.811665430285578,252950.72652406257,24868.516850556538,21.61877936602475,1042.1589,1620.6592,264.5666,43215.113677,True,0.3771201054592719,False
0.7,39.66040714534726,5.816505821390252,255364.46114715596,25208.50066512404,21.59987932159165,1056.0845,1606.7336,268.4201,43844.709412,True,0.373969125971574,False
0.71,40.181832172464205,5.821385091668167,257734.0965765666,25547.74846701583,21.580852466396554,1069.9691,1592.849,272.2736,44474.305147,True,0.37083755630244936,False
0.72,40.701169186134045,5.826080794694478,260060.9608180999,25881.51175199103,21.55804794520548,1083.7981,1579.02,275.9111,45070.506202,True,0.36772304152986535,False
0.73,41.218726130786024,5.830383095087916,262439.71746556537,26214.320805276337,21.535037843247636,1097.5797,1565.2384,279.5429,45653.965069,True,0.36461478670783914,False
0.74,41.73417252947169,5.83556711741886,264605.8724160387,26548.360256917036,21.513420955201777,1111.3051,1551.513,283.2809,46270.874884,True,0.36155705015370626,False
0.75,42.247718685703695,5.840757726006817,266754.6247410411,26883.78617415567,21.49327701674277,1124.9799,1537.8382,287.1284,46899.523099,True,0.35851982734134274,False
0.76,42.75958616925429,5.845994052779933,268855.23177054746,27218.43371525665,21.4730037851478,1138.61,1524.2081,290.9767,47528.347474,True,0.3555039072455553,False
0.77,43.269384416457136,5.850509111053259,271015.4495075306,27544.900043190173,21.44731809286604,1152.185,1510.6331,294.4795,48092.939065000006,True,0.3524859706954436,False
0.78,43.77693692257837,5.855918585537723,272996.9821829489,27877.485635348057,21.426438648870157,1165.7002,1497.1179,298.3255,48721.241200000004,True,0.34952143485971965,False
0.79,44.28268307174268,5.8606681240523,275026.53712947347,28201.813586088814,21.40027599560719,1179.1673,1483.6508,301.8174,49286.129425,True,0.34655480486473694,False
0.8,44.78653273387318,5.866192648047867,276902.94573814207,28532.576620120955,21.379056792237446,1192.5838999999999,1470.2342,305.6604,49913.95524999999,True,0.3436366447749588,False
0.81,45.28812538866248,5.871395484454625,278792.7918767034,28859.7418827963,21.355802187270985,1205.9404,1456.8777,309.3819,50515.026775,True,0.3407305145541605,False
0.82,45.78775395886035,5.8770686968665,280551.36564636376,29188.50715816859,21.33406420536808,1219.2446,1443.5735,313.2239,51142.63488,True,0.3378643435375057,False
0.83,46.285921670729216,5.882959274495284,282142.04766376404,29508.796128253016,21.307191780821917,1232.5099,1430.3082,316.6934,51730.523564999996,True,0.33502798359860475,False
0.84,46.781535697087236,5.888827323510068,283743.0963704331,29832.96613485027,21.28333741030659,1245.7072,1417.1109,320.4059,52344.368370000004,True,0.33221634480064316,False
0.85,47.27669907306098,5.894279291066545,285391.07174323546,30154.187012311762,21.258130539887187,1258.8925,1403.9256,323.9879,52932.08684999999,True,0.32940139741866364,False
0.86,47.76938011650139,5.900101816663161,286951.2455546729,30479.533419421983,21.235993416162263,1272.0117,1390.8064,327.8231,53558.941854,True,0.32662725328479014,False
0.87,48.25985297305888,5.9051985807832255,288609.68993849517,30798.406128996816,21.210172938644835,1285.0720999999999,1377.746,331.3976,54129.000068999994,True,0.3238467557567323,False
0.88,48.748955101364224,5.911097231955124,290070.83793815965,31122.011064746126,21.187812629721876,1298.096,1364.7221,335.2301,54755.233914,True,0.3211199282601236,False
0.89,49.23681418569297,5.916598027281898,291574.9767703302,31442.228008266597,21.163817915961214,1311.0868,1351.7313,338.9291,55352.729214000006,True,0.3183945542349597,False
0.9,49.72383581139095,5.922446048962912,292976.1520620892,31764.785874134024,21.141747843734144,1324.0553,1338.7628,342.7601,55978.640154,True,0.3157012792982519,False
0.91,50.20906234639158,5.9275235925284475,294496.9634838548,32080.84204851954,21.116157358623113,1336.9759999999999,1325.8421,346.3196,56545.06221900001,True,0.3129948367281151,False
0.92,50.69304208199576,5.933403568580564,295813.8390297147,32401.942460679595,21.094061445304742,1349.8635,1312.9546,350.1491,57170.619684000005,True,0.3103448728585239,False
0.93,51.17387853116967,5.939504509582326,296996.9071565536,32718.680865714898,21.069700986890556,1362.6673,1300.1508,353.8391,57781.275759000004,True,0.3077374068953284,False
0.94,51.652491771781186,5.945214415594569,298247.50588733004,33034.31607928266,21.04510346837657,1375.4119,1287.4062,357.5261,58376.31992399999,True,0.30513652882429537,False
0.95,52.12941131803183,5.9510043619824025,299410.13959139667,33346.135188701744,21.01874309060322,1388.1114,1274.7067,361.0684,58954.92827399999,True,0.3025624629328696,False
0.96,52.60401752564322,5.956826225957236,300549.2205024648,33659.8077289654,20.99387128995434,1400.7493,1262.0688,364.7513,59549.262301999996,True,0.30001637078880117,False
0.97,53.075018530180486,5.9632146542030675,301504.0314723467,33974.80388403275,20.970072494468766,1413.2912,1249.5269,368.5778,60174.389807,True,0.2975349190108916,False
0.98,53.54276358569141,5.969359506694954,302455.54481422046,34285.22738390301,20.94403946510111,1425.7464,1237.0717,372.2575,60767.893985999995,True,0.29507405057127667,False
0.99,54.00862342042816,5.9759277910286945,303268.08037004946,34597.82573227331,20.919646234029795,1438.1514,1224.6667,376.084,61392.85881600001,True,0.29266192654956186,False
1.0,54.47307121729419,5.981675260232502,304230.28938441165,34903.488913222085,20.891890410958904,1450.5188,1212.2993,379.6108,61951.79119199999,True,0.2902267273622669,False
1.01,54.936486273696275,5.9878207612127605,305064.73702541017,35211.72242715508,20.866031466160315,1462.8587,1199.9594,383.2843,62543.642201999995,True,0.28783422686522503,False
1.02,55.396987124280095,5.993992806992873,305846.4823439343,35518.538635609264,20.839777509177186,1475.1209999999999,1187.6971,386.9548,63131.72926199999,True,0.2854752061409661,False
1.03,55.855719172105665,6.000744497625708,306410.4295692359,35824.46227733214,20.813478077758564,1487.3362,1175.4819,390.6223,63739.01360699999,True,0.28317683138353794,False
1.04,56.31140932983744,6.007152169610392,307032.85585928074,36128.9089148439,20.7867656743941,1499.4704,1163.3477,394.2871,64329.12684,True,0.2808916874412993,False
1.05,56.764906322365775,6.014169693526504,307394.8886456599,36428.99261699316,20.758195259839095,1511.5462,1151.2719,397.7926,64919.12118,True,0.2786743072901985,False
1.06,57.215083523729994,6.020782557990506,307862.1228326161,36730.75066939328,20.730874687688463,1523.5336,1139.2845,401.4525,65508.54534,True,0.27646802706955914,False
1.07,57.662215079580534,6.027812729436052,308066.89696175116,37020.969592633526,20.698031622071436,1535.4398999999999,1127.3782,404.628,66047.858685,True,0.2743245248921828,False
1.08,58.10606815388554,6.034759105947746,308304.7425398449,37316.17982049266,20.66817182479283,1547.2589,1115.5592,408.1155,66618.24744,True,0.27221302224423705,False
1.09,58.548152425432285,6.040801364851917,308762.6496662065,37607.01749557209,20.636591470822335,1559.0308,1103.7873,411.4335,67132.318635,True,0.27006751572252946,False
1.1,58.987852005362285,6.048219793505126,308789.49410258245,37903.43172809295,20.608257575757573,1570.7392,1092.0789,415.0725,67735.78659,True,0.2680500842419351,False
1.11,59.42404402313473,6.055696544719894,308774.27834995114,38201.65882679359,20.581168497264386,1582.3542,1080.4639,418.8763,68356.858481,True,0.26607812086416077,False
1.12,59.857599736159216,6.063339245822116,308628.1588605237,38495.14052263703,20.55213735322896,1593.899,1068.9191,422.5123,68960.00597600001,True,0.2641552770007876,False
1.13,60.2894655102427,6.070908760229781,308489.0807191246,38791.28052812131,20.524847456257326,1605.3988,1057.4193,426.3148,69580.93900099999,True,0.26225904404586436,False
1.14,60.718946592709436,6.078539038331381,308282.72692408075,39086.333763891234,20.497412480974127,1616.8351,1045.983,430.1185,70202.12442200001,True,0.26040389676577175,False
1.15,61.144563348131065,6.08603145241435,308014.0737593498,39372.409659231096,20.46601151479055,1628.1685,1034.6496,433.5775,70767.746867,True,0.25858297856785,False
1.16,61.56788929743268,6.093962452125912,307578.69350871607,39660.91568606032,20.43620492835774,1639.4409,1023.3772,437.2045,71369.858882,True,0.2568343753444676,False
1.17,61.98949150901445,6.101135438028188,307300.0690921112,39941.19776185462,20.40300608828006,1650.6673999999998,1012.1507,440.4775,71896.08952699999,True,0.2550569100183548,False
1.18,62.4092873636393,6.108694612793407,306874.2174953976,40224.120371298326,20.371529873848772,1661.8458,1000.9723,443.9185,72458.004392,True,0.2533457667312387,False
1.19,62.82720926374955,6.116209942631016,306447.32074173307,40509.735010711884,20.34175875829784,1672.9742999999999,989.8438,447.532,73038.885572,True,0.25166597841373634,False
1.2,63.2423559085767,6.124194812522012,305837.6595380098,40797.742579049605,20.313464611872146,1684.0288999999998,978.7892,451.3225,73657.869542,True,0.2500691253225546,False
1.21,63.65405883338408,6.1323085993829825,305131.30789972446,41084.13639032025,20.284773010302278,1694.9918,967.8263,455.113,74276.853512,True,0.24853074838056888,False
1.22,64.06376763024106,6.139795763513674,304515.7420411892,41358.12643035302,20.250917920503035,1705.9016,956.9165,458.3545,74798.404622,True,0.24697265181290776,False
1.23,64.47153487502582,6.147636656647885,303787.15895160654,41638.716416575335,20.2204792664365,1716.7597,946.0584,461.9565,75379.359107,True,0.24548558308635673,False
1.24,64.87699253659122,6.15524301897868,303041.2431849131,41910.47997654344,20.186545330681987,1727.5563,935.2618,465.187,75900.553577,True,0.2440163726279551,False
1.25,65.28043353768702,6.163596895619619,302038.1711290989,42188.96594419221,20.15602191780822,1738.2992,924.5189,468.7852,76498.848353,True,0.24266149935461515,False
1.26,65.68322485114548,6.171406597048604,301190.5748069329,42467.09866187109,20.12581177067478,1749.0248,913.7933,472.3818,77076.50622,True,0.24128509902913473,False
1.27,66.08445015451862,6.179125221059646,300333.6857393299,42744.45839251844,20.09569266170496,1759.7087,903.1094,475.9773,77649.83884499999,True,0.2399370382659653,False
1.28,66.48469529330599,6.186905123004052,299385.9341343287,43017.270720466375,20.06407231021689,1770.3665,892.4516,479.3778,78201.95507999999,True,0.23863085284237762,False
1.29,66.88358097010081,6.194842593392523,298310.3399260428,43285.27686296214,20.03085642986089,1780.9881,881.83,482.5788,78735.36381000001,True,0.23738029120579834,False
1.3,67.28129120047667,6.201332572393452,297705.09435968,43548.47774800035,19.99608535300316,1791.5783999999999,871.2397,485.5758,79180.18512,True,0.2360038841201867,False
1.31,67.67702983542135,6.209580928736359,296486.5135405222,43822.80959039896,19.966420056467637,1802.1162,860.7019,489.1503,79774.57881,True,0.2348660037225474,False
1.32,68.07104473264621,6.217483113031218,295326.2676514805,44092.126357846035,19.935070741663203,1812.6081,850.21,492.524,80327.05173199999,True,0.23373087214569033,False
1.33,68.4636062823818,6.225644871396063,294080.8953516148,44368.96704003046,19.907244996051773,1823.0612999999998,839.7568,496.292,80942.13733700001,True,0.23266700264783358,False
1.34,68.8535014840105,6.2335561531615955,292856.760942816,44640.35069695042,19.877517378859125,1833.4434999999999,829.3746,499.859,81516.542552,True,0.23162121405896233,False
1.35,69.24047872440104,6.2407886744757315,291792.65751856996,44901.8636148848,19.844123118552343,1843.748,819.0701,503.018,82003.156247,True,0.23053980821033446,False
1.36,69.62521773454972,6.2480666404870995,290670.6407094667,45162.13870647653,19.810644137792103,1853.9929,808.8252,506.168,82487.87115199999,True,0.22950674679549168,False
1.37,70.00813912148186,6.256562425211583,289090.63429929584,45429.94381211424,19.780600273306,1864.1894,798.6287,509.72,83078.802872,True,0.22867301792483505,False
1.38,70.38941187909155,6.264634190477264,287632.2311625921,45696.90654705221,19.750603864734302,1874.342,788.4761,513.269,83649.631142,True,0.22782917595359323,False
1.39,70.76956927700017,6.272731896778532,286095.9026935773,45958.916624688354,19.71905817811504,1884.4649,778.3532,516.6065,84194.89479199999,True,0.2270316412965671,False
1.4,71.14764241688157,6.281139425995797,284447.8070026757,46228.585976085655,19.69088633398565,1894.5322999999999,768.2858,520.358,84806.831072,True,0.22632335230788897,False
1.41,71.52389417812654,6.2887055233817035,282983.1011263405,46479.74645656606,19.655873732957673,1904.5511999999999,758.2669,523.2637,85267.77990699999,True,0.22554657932392427,False
1.42,71.89857617386633,6.296487659048489,281447.2327754971,46738.84197140171,19.624356871824556,1914.5283,748.2898,526.5847,85792.587862,True,0.22484239318090257,False
1.43,72.27222918456204,6.304821606158005,279597.93003507354,46988.36905807993,19.589589520068973,1924.478,738.3401,529.4707,86287.035217,True,0.22426288257636023,False
1.44,72.64476308013678,6.312113923363911,278156.10600806016,47241.61803799514,19.556686009639776,1934.3979,728.4202,532.5607,86759.930272,True,0.2235717162935625,False
1.45,73.01443159035159,6.320256060180739,276381.0892020921,47502.41228923301,19.52698945048024,1944.2415,718.5766,536.0767,87324.56898699999,True,0.22305691768439267,False
1.46,73.38298474086533,6.328375929683075,274575.3818383866,47762.607578486,19.497444017013823,1954.0554,708.7627,539.5897,87888.60053200001,True,0.22258346486542208,False
1.47,73.74956254052802,6.336525499175668,272715.68871055276,48021.81511027382,19.467868791352156,1963.8166999999999,699.0014,543.0997,88452.024907,True,0.22216363094666236,False
1.48,74.11446917834907,6.3446286545153745,270834.19505864993,48280.163574160724,19.43832685425151,1973.5335,689.2846,546.6067,89011.982752,True,0.22178418132041733,False
1.49,74.47779478440529,6.353119529657539,268777.09860966064,48542.36224378005,19.41054825166253,1983.2082,679.6099,550.3342,89619.40763199999,True,0.22151460122329455,False
1.5,74.84054581122159,6.360335102585444,267084.42420245416,48780.7786001574,19.37446423135464,1992.8676,669.9505,552.937,90017.781058,True,0.22108335792479514,False
1.51,75.20274103589728,6.368403766226516,265103.44299436285,49037.522628913415,19.345491245577428,2002.5122000000001,660.3059,556.432,90578.130943,True,0.22083066213792032,False
1.52,75.56423775247735,6.376551068983351,263026.2163060783,49289.094308290405,19.315024933910117,2012.1381999999999,650.6799,559.696,91113.518698,True,0.22063685379119236,False
1.53,75.92467544065438,6.384875496082197,260886.00382552523,49549.63249388909,19.288129346106782,2021.7359999999999,641.0821,563.4134,91719.03059800001,True,0.22051776029639877,False
1.54,76.28299882744525,6.393045485654473,258719.4989949172,49799.58237273175,19.257758850738302,2031.2775,631.5406,566.6712,92253.496074,True,0.22042567448491787,False
1.55,76.63986511132698,6.401282608528778,256460.23989125204,50043.86635078695,19.2257394314332,2040.7802,622.0379,569.6907,92759.136684,True,0.22039547645294308,True
1.56,76.99515411886377,6.40966490191701,254173.29511258105,50301.854826726136,19.198894303945675,2050.2409,612.5772,573.4032,93363.94328400001,True,0.22043678594785146,False
1.57,77.34893344761326,6.417824564956751,251893.06633168913,50549.28556008879,19.168674199459034,2059.6614,603.1567,576.6447,93894.061059,True,0.22048921386796194,False
1.58,77.70146973238616,6.4263331510123765,249447.48237705545,50800.97604206558,19.140276573608457,2069.0488,593.7693,580.1186,94473.31544399999,True,0.2206534836602293,False
1.59,78.05161757012242,6.4336042170940395,247452.02265270028,51041.5297438978,19.10833405129089,2078.3725999999997,584.4455,583.1126,94922.02455899998,True,0.2206372040863369,False
1.6,78.39923049944717,6.442109918096286,244949.92658490868,51295.74692809407,19.081381992009135,2087.6288999999997,575.1892,586.8176,95525.56814399999,True,0.22090359705345547,False
1.61,78.74539383670255,6.450299813226313,242523.22810635838,51544.24003815326,19.05277872316288,2096.8466,565.9715,590.2811,96080.23454399999,True,0.2211589174440229,False
1.62,79.09044556967673,6.458713121204679,239889.43535020578,51776.931355325134,19.019168921585205,2106.0347,556.7834,593.0136,96548.483124,True,0.22151076423880445,False
1.63,79.43400264554307,6.467217695522096,237270.24058143812,52029.08204910031,18.992461551390875,2115.183,547.6351,596.7126,97151.241864,True,0.2219230935255957,False
1.64,79.77645187254811,6.475391188111493,234736.9979501741,52275.55471560561,18.9641622118276,2124.3018,538.5163,600.1656,97704.212664,True,0.22231708821865445,False
1.65,80.11747404000296,6.483884008201656,232045.25424785988,52526.451203110526,18.937634564826343,2133.3826,529.4355,603.8631,98306.667819,True,0.2228227381855068,False
1.66,80.4571329900454,6.492376558930087,229314.31226737116,52776.69347390097,18.911176899378336,2142.4271,520.391,607.5606,98909.122974,True,0.2233766029092989,False
1.67,80.79624740420684,6.500562889379003,226640.1731176505,53016.22111467278,18.881521204167008,2151.4571,511.361,610.7584,99429.93947,True,0.22391434384495462,False
1.68,81.13438165378251,6.509130863137147,223777.99780489487,53260.389963250476,18.853714122635356,2160.461,502.3571,614.2024,100005.2126,True,0.2245776047360796,False
1.69,81.47078089937875,6.517723946174032,220864.80518425023,53503.66139341895,18.82590378536111,2169.4187,493.3994,617.6434,100580.16413,True,0.2252956399904207,False
1.7,81.80483676297679,6.525955190749229,218055.9421900105,53740.43972112688,18.796269137792105,2178.314,484.5041,620.8264,101097.47516,True,0.2259867486764272,False
1.71,82.13818660763948,6.534061023759951,215291.07377500372,53982.08662621645,18.768527864562472,2187.1905,475.6276,624.2599,101643.72636500001,True,0.22669119196374884,False
1.72,82.46993664343802,6.541869400709993,212606.3638980171,54217.519596380254,18.73909419135606,2196.0244,466.7937,627.4324,102137.11514000001,True,0.2273760020263292,False
1.73,82.7998352572412,6.550163783936635,209659.785292799,54451.94591377945,18.70963589093885,2204.809,458.0091,630.5989,102654.05135,True,0.22821613633013585,False
1.74,83.12719896263286,6.558757441197831,206576.02227202657,54695.95394934414,18.68345864168372,2213.5261,449.292,634.2814,103254.08678,True,0.22916908779275805,False
1.75,83.45257605091389,6.567821318134217,203170.94549176443,54922.58202915127,18.65209849967384,2222.1903,440.6278,637.1764,103770.00146,True,0.23028581166699483,False
1.76,83.77722458774033,6.576710533920091,199831.11512163607,55154.167808444785,18.62262544105438,2230.8351,431.983,640.3268,104312.997328,True,0.23140471500977927,False
1.77,84.10122343692946,6.58505054091937,196714.83512406243,55385.31058849486,18.593342233573253,2239.4626,423.3555,643.4723,104826.774913,True,0.2324370491709084,False
1.78,84.42377644946907,6.593628252627233,193488.29722848808,55626.77489710935,18.56752732030168,2248.0516,414.7665,647.1458,105425.68457800001,True,0.2335651672155243,False
1.79,84.74483480490088,6.602215940676569,190219.1079178956,55867.52735637991,18.541747021759647,2256.6008,406.2173,650.8193,106024.594243,True,0.23473969633010677,False
1.8,85.06403047207768,6.610983014158924,186806.69496024598,56101.76922229194,18.514226281075594,2265.1004,397.7177,654.2228,106594.662508,True,0.23600494042116302,False
1.81,85.3820920024541,6.619890370599646,183271.06544432353,56329.73626471375,18.48508791846414,2273.5698,389.2483,657.3518,107135.20234300001,True,0.23735003690433698,False
1.82,85.698764027479,6.628505670764396,179875.83647443954,56568.325453407335,18.459428471072307,2282.0022,380.8159,661.0214,107733.69427,True,0.23866120450253264,False
1.83,86.01345319081315,6.636787780218445,176586.73402949335,56800.257961617215,18.43201337425456,2290.3818,372.4363,664.4174,108273.19072,True,0.23993424452929205,False
1.84,86.32556238069735,6.645356438870768,173103.5058112238,57025.15434471885,18.402739105618423,2298.6927,364.1254,667.5344,108786.11392,True,0.2413247666966596,False
1.85,86.63577883896764,6.653504322399343,169773.28483170777,57243.24108897413,18.371724669875356,2306.9532,355.8649,670.3685,109233.49388200001,True,0.2426517189554516,False
1.86,86.94428658119757,6.661785999222561,166344.00139192562,57460.347415493256,18.340714759169245,2315.1682,347.6499,673.1945,109685.58434200002,True,0.2440517514798061,False
1.87,87.2507663966983,6.670761567326072,162571.24272318225,57688.05346562718,18.31308329060142,2323.3292,339.4889,676.5736,110252.000922,True,0.2456660327958055,False
1.88,87.55302887568625,6.67973641729297,158774.48388743377,57919.63776596259,18.286760419702713,2331.3779,331.4402,680.2321,110848.36918199998,True,0.24732363884112754,False
1.89,87.85059332441823,6.68858470320987,154983.55113984447,58143.12250833063,18.258248169892006,2339.3015,323.5166,683.6071,111387.35987699998,True,0.24899611941050026,False
1.9,88.14548391420352,6.697921639262712,150865.13396061643,58347.45959396695,18.22446226868541,2347.1539,315.6642,686.1256,111830.57683199999,True,0.2508452479030949,False
1.91,88.43916525879105,6.707310076198656,146731.0715594484,58568.891254009046,18.19590296205982,2354.9741,307.844,689.4916,112395.28363199998,True,0.25273934590517416,False
1.92,88.73158102688276,6.716121924873518,142849.9612893539,58789.66159724598,18.167425917998475,2362.7606,300.0575,692.8551,112925.80893199999,True,0.25451658307707453,False
1.93,89.02242702946927,6.725364834777815,138730.19490191637,59015.69642825644,18.140697234248943,2370.5053,292.3128,696.5061,113521.067732,True,0.2564439954061877,False
1.94,89.31040389127595,6.7343865485946175,134669.95728309266,59234.31114911656,18.112082215317987,2378.1736,284.6445,699.8661,114057.43104199998,True,0.2583526037188029,False
1.95,89.5965218202475,6.743907036992336,130320.06889582842,59451.9824610528,18.08345334269992,2385.7924,277.0257,703.2231,114621.03025699998,True,0.2604336333623452,False
1.96,89.88125399928745,6.753435668659213,125929.01166018887,59668.92715787171,18.054885378809058,2393.3743,269.4438,706.5773,115184.35290399998,True,0.2625529790466505,False
1.97,90.16436759236389,6.762384853917733,121772.82931064565,59872.716316699145,18.022923185684817,2400.9130999999998,261.905,709.3388,115628.146459,True,0.2645517368804372,False
1.98,90.44499509748712,6.7718353212652485,117361.40550305774,60093.78697004197,17.995997071168308,2408.3857,254.4324,712.984,116222.730219,True,0.2667184210945983,False
1.99,90.72247556076023,6.780623057309204,113218.53000335096,60294.71090432809,17.96373132787224,2415.7745,247.0436,715.735,116644.912569,True,0.2687418548526406,False
2.0,90.99727465424694,6.788813448116826,109295.55046519185,60462.89079734577,17.92277511415525,2423.0919,239.7262,716.9783,116812.196285,True,0.2706396055745477,False
2.01,91.26887788542523,6.797941717438208,104924.11333246289,60666.83462826391,17.891884186374067,2430.3242,232.4939,720.0072,117282.22066299999,True,0.27282175414336973,False
2.02,91.53777345887801,6.807445905938463,100333.16096774541,60875.763743087824,17.862588159500884,2437.4844,225.3337,723.3363,117812.78789299999,True,0.2751414313714895,False
2.03,91.80278968360625,6.8167863335555055,95780.98966100534,61076.499656248234,17.831280225836203,2444.5413,218.2768,726.3596,118281.47193799997,True,0.2774502991803623,False
2.04,92.06346464296603,6.826296086829177,91095.24038734139,61268.71459611021,17.79789036619214,2451.4826,211.3355,729.0716,118706.11502299999,True,0.27984304051768943,False
2.05,92.32135683620297,6.83687726989548,85767.66302004553,61427.35003538558,17.75580187103241,2458.3498,204.4683,730.2371,118970.68608799999,True,0.2825855423769314,False
2.06,92.57601936835265,6.846511453129084,80933.33096532716,61603.32102686241,17.718649421465617,2465.131,197.6871,732.3056,119298.980393,True,0.285080474693298,False
2.07,92.82747101651442,6.855796490119607,76252.35640280019,61777.47064705714,17.681301700747802,2471.8267,190.9914,734.3591,119596.60841299998,True,0.28750317072346193,False
2.08,93.07697360176424,6.866171302956774,70979.31686324372,61963.40151413202,17.647370587460482,2478.4705,184.3476,737.0216,120045.87584299999,True,0.29026973781693205,False
2.09,93.32346809569907,6.875890182782936,66013.5326103278,62141.18389196653,17.6115651831946,2485.0342,177.7839,739.3616,120402.20735299998,True,0.2928746809432873,False
2.1,93.56739388244357,6.886659161140227,60475.746541536966,62337.23006810801,17.580800717547294,2491.5295,171.2886,742.6346,120953.212163,True,0.29581435604975287,False
2.11,93.80973863742327,6.896625991316368,55324.60556642998,62525.8570737276,17.548373152416197,2497.9827,164.8354,745.5884,121407.111209,True,0.2985456303624758,False
2.12,94.04970621162595,6.906876426002126,49982.78352959576,62706.633816822985,17.514172482122856,2504.3726,158.4455,748.2194,121828.335599,True,0.3013898700522597,False
2.13,94.28549400351454,6.91757152337655,44373.109642344294,62891.98125780486,17.481368576757347,2510.6512,152.1669,751.1624,122312.84788400002,True,0.3043950197658552,False
2.14,94.51858164851741,6.928253457701314,38735.75145651499,63075.93467821464,17.44845570349507,2516.8579,145.9602,754.0994,122790.83636900001,True,0.30742396805996164,False
2.15,94.74786505319308,6.938963030713587,33052.314127854406,63264.72077144041,17.41699161091643,2522.9633,139.8548,757.3529,123308.03696900001,True,0.31048836162379306,False
2.16,94.97293487677584,6.949651551749689,27344.82549857463,63451.479248593816,17.385210024522237,2528.9565,133.86159999999998,760.6034,123813.854159,True,0.31357398290674565,False
2.17,95.19518813545695,6.960059745872439,21753.06507456735,63630.0581741127,17.351598699577046,2534.8747,127.94339999999998,763.5254,124248.89401399999,True,0.3166004335285986,False
2.18,95.41507172420076,6.971053913111764,15810.825099739639,63814.20426871277,17.319646223451045,2540.7298,122.08829999999999,766.7684,124763.850419,True,0.3198302978692843,False
2.19,95.63215001430252,6.982416070112712,9633.171909262586,64003.843149047665,17.28929651174913,2546.5102,116.30789999999999,770.3376,125344.759543,True,0.32319869382242683,False
2.2,95.84584467110238,6.993882946060123,3361.011279159793,64191.91691435904,17.258759339975093,2552.2005,110.61759999999997,773.9076,125925.754123,True,0.3266258042788013,False
2.21,96.05541212146636,7.005109448855892,-2815.2225418602466,64371.163649020746,17.22621851691151,2557.7809,105.03719999999997,777.1461,126433.75240299999,True,0.3300045412024507,False
2.22,96.26138563501578,7.016452154373916,-9089.86458041909,64548.673585500605,17.193463326340037,2563.2656,99.5525,780.3816,126941.09008300002,True,0.333443914929577,False
2.23,96.46459140412182,7.028456734862137,-15765.335434395267,64724.81728796581,17.16060927165878,2568.6766,94.14149999999997,783.6141,127485.692773,True,0.33711391702727034,False
2.24,96.66630627153991,7.040148342485599,-22300.466637336838,64893.173859797724,17.12612269651011,2574.0479,88.7702,786.5084,127959.38973100002,True,0.34070946099991684,False
2.25,96.86497549344433,7.052260426692885,-29105.926749969483,65067.057280700734,17.093224251648913,2579.3381,83.47999999999999,789.7364,128503.357036,True,0.34446139705401746,False
2.26,97.06002824601501,7.064280670036013,-35899.10013248694,65246.294566330624,17.06183476785065,2584.532,78.28609999999999,793.3018,129083.36594100001,True,0.3482093919812035,False
2.27,97.25253106849469,7.07636630373908,-42764.99706700898,65424.34165203383,17.03038440649327,2589.658,73.16009999999999,796.868,129663.539706,True,0.3520015606815079,False
2.28,97.44255531386091,7.0884454386916325,-49652.39220905355,65586.94798262247,16.995458824000643,2594.718,68.10009999999998,799.751,130138.139811,True,0.355812091177698,False
2.29,97.62987941234138,7.100883583447122,-56780.44885271383,65755.3367362515,16.962162269944766,2599.7061,63.11199999999999,802.9715,130681.333251,True,0.3597605728997157,False
2.3,97.81557365859875,7.113347414128148,-63958.10248507628,65922.95083022049,16.928942823108994,2604.6508,58.16729999999998,806.1926,131224.898467,True,0.363739663955558,False
2.31,97.99861282300884,7.1258869696365,-71212.97178684053,66089.27922740116,16.895655676135128,2609.5248,53.2933,809.4125,131768.48487699998,True,0.3677652127437285,False
2.32,98.17823831075806,7.138315313476053,-78447.15542045656,66261.24930760992,16.863910703038894,2614.3079,48.5102,812.9784,132349.146371,True,0.3717789446893825,False
2.33,98.35483693009299,7.150512506904738,-85575.28434533774,66424.52333987007,16.830336390538342,2619.0104,43.80769999999999,816.1959,132856.54520599998,True,0.37573704575118366,False
2.34,98.52779654757492,7.16269687553899,-92727.73689693102,66586.03165381022,16.796561682863057,2623.616,39.202099999999994,819.4104,133354.425731,True,0.3797110978574809,False
2.35,98.69881836840452,7.175372741743063,-100171.09292396196,66731.82551479957,16.759384533177887,2628.17,34.64809999999999,821.9169,133776.291206,True,0.38385891641205827,False
2.36,98.8669184725761,7.188365648758499,-107848.8771124388,66890.83342930005,16.725527242473493,2632.6462,30.171899999999994,825.1224,134318.04319099998,True,0.38813556229214097,False
2.37,99.03010648755917,7.20131274138694,-115544.5145231884,67054.93630753859,16.693027859661292,2636.9916,25.826499999999996,828.6813,134897.545706,True,0.39242067007271425,False
2.38,99.18230238858598,7.214739139615194,-123543.02276759915,67213.99347982413,16.659400541038334,2641.0443,21.7738,832.2408,135477.112541,True,0.3968820399311048,False
2.39,99.32546274940823,7.228153249786486,-131548.26455894555,67361.4068610776,16.62319309910013,2644.8564,17.9617,835.4418,135975.959516,True,0.4013545212788637,False
2.4,99.45931717979535,7.242358356792916,-140051.02358110223,67511.99987209203,16.587806792237444,2648.4207,14.3974,838.9998,136555.188611,True,0.40610970271196545,False
2.41,99.58667848922914,7.255924386319848,-148180.6039380079,67644.48193219805,16.548470509104,2651.8121,11.006,841.8348,136964.042756,True,0.4106635670223543,False
2.42,99.70745654763275,7.270894637466338,-157165.8181435233,67781.37502070908,16.510319729046376,2655.0281999999997,7.7899,845.0275,137503.737413,True,0.4157042122781296,False
2.43,99.82092280355161,7.286172097916822,-166356.39483400376,67914.87376698217,16.471565477197135,2658.0496,4.7685,848.2196,138043.66408,True,0.42086531412712935,False
2.44,99.92408418735023,7.301655594828118,-175709.2618959027,68051.22616750668,16.43355041545026,2660.7966,2.0215,851.7762,138622.526637,True,0.4261176093671223,False
2.45,99.99965825679192,7.318434062771042,-185819.7279273508,68174.97495390882,16.392432205759015,2662.8089999999997,0.0091,855.3348,139201.673838,True,0.4318140613478757,False
2.46,100.0,7.338850472631666,-197992.72699444962,68264.32914717232,16.34235623863088,2662.8181,0.0,858.8943,139781.023683,True,0.43872372689212374,False
