PEM Size (MW),Curtailment Recovery (%),Residual Curtailment (MWh/year),H2 (kg/year),Utilization (%),Discounted LCOH (EUR/kg H2),NPV (EUR),PV Opportunity Cost (EUR/year),Pareto Efficient,Ideal-Point Distance
0.1,5.964541851356654,2503.9932,3716.6625823681743,22.611575342465752,5.67388119078737,42187.41210260091,6404.947424999999,True,0.5939315658434356
0.11,6.555990437349056,2488.244,4085.472077449555,22.594499792444996,5.677084112502683,46261.72191413134,7042.31868,True,0.5898761542816476
0.12,7.1465489888325395,2472.5185,4454.171000796203,22.579261796042616,5.679719176205896,50336.21042923271,7678.895055,True,0.585829713602406
0.13,7.736161174509059,2456.8182,4822.421926838725,22.56402353354408,5.68289616803559,54366.64503543891,8317.482247,True,0.5817986774477536
0.14,8.325198780945637,2441.1332,5189.887524742859,22.547790280495757,5.68511932818904,58410.59124979304,8948.993587,True,0.5777724114693256
0.15,8.91308347348247,2425.4789,5557.71531349911,22.534353120243534,5.688188475688475,62404.37725819601,9588.900457,True,0.5737639915548262
0.16,9.499803985859947,2409.8556,5925.069044398886,22.52046232876712,5.6913574812501375,66368.46255179061,10228.958843,True,0.5697703938982451
0.17,10.085837256401408,2394.2506,6290.513417829846,22.502068224550094,5.6942455246333115,70306.41138064608,10858.705237999999,True,0.5657876721955847
0.18,10.671307213962523,2378.6606,6657.262256854215,22.489358193810247,5.6972421398050646,74234.65303443075,11498.716977,True,0.5618137266720232
0.19,11.255902158694209,2363.0939,7023.650950779144,22.476652247055995,5.7002533597434075,78139.19613064948,12138.976391999999,True,0.557851995160059
0.2,11.839036245096876,2347.5661,7386.823972478998,22.45614726027397,5.702884751437573,82013.17584859353,12760.296806999999,True,0.5539057079999202
0.21,12.421877408749774,2332.0461,7752.305868214138,22.44336812350511,5.705891183929013,85871.49230469734,13399.609272,True,0.5499681096722682
0.22,13.00439185087408,2316.5348,8117.6096256327355,22.431299294312993,5.708752177068661,89719.13536293368,14038.921737,True,0.5460374339675376
0.23,13.586613370248605,2301.0313,8482.002466899748,22.41818046456224,5.711124624323591,93574.31052222691,14670.977817000003,True,0.5421100818622925
0.24,14.16778712747972,2285.5557,8845.887521927776,22.4046851217656,5.713977963923911,97372.68332320824,15306.115587,True,0.5382013076979654
0.25,14.748420104249696,2270.0945,9208.635347961235,22.389762557077624,5.71645424396781,101170.51150200487,15933.356382000002,True,0.5342985062048755
0.26,15.328632473994379,2254.6445,9572.741148353101,22.378657358623112,5.719094413180071,104954.42419827502,16571.728736999998,True,0.5304046272686975
0.27,15.908604496867442,2239.2009,9934.950271872556,22.364679519702346,5.7213405295698445,108734.63780364202,17197.256517,True,0.5265149837011606
0.28,16.488016962180033,2223.7722,10298.602435221768,22.354272667971298,5.72382768437417,112495.4421817204,17835.153147000005,True,0.5226361409006307
0.29,17.066389176188935,2208.3712,10661.821433028303,22.343493150684935,5.726377823146922,116230.29286118242,18473.049777,True,0.5187709495041303
0.3,17.643777470192198,2192.9964,11021.714525131794,22.327340182648403,5.728266158576725,119975.53666576848,19086.450843,True,0.5149112715134092
0.31,18.219058973649,2177.6777,11382.670549019014,22.313381941375752,5.73077848008067,123659.9048886018,19714.404498,True,0.5110783423179891
0.32,18.79379594122482,2162.3735,11743.318249629861,22.299696775114153,5.733246576762789,127329.85137474554,20341.884775,True,0.5072543117468828
0.33,19.36791701994214,2147.0857,12101.48187636654,22.282772934827726,5.735813598534879,130947.43144002795,20958.09448,True,0.5034443055019873
0.34,19.941317058044625,2131.8171,12460.23805400043,22.267610126242275,5.738737991469543,134517.55618292117,21583.996225,True,0.4996502340038994
0.35,20.512689169417918,2116.6025,12820.335383624864,22.25478147423353,5.741722948342559,138077.5198311456,22220.473149999998,True,0.4958745391537685
0.36,21.082934654830538,2101.4179,13179.952084414377,22.241714231354646,5.744754287953959,141608.68595348485,22856.950075,True,0.4921135776893289
0.37,21.651937096266547,2086.2664,13537.837720206193,22.22661977045539,5.747529818974835,145132.27856362413,23482.194355,True,0.4883636944949105
0.38,22.219482434793427,2071.1537,13896.289577416865,22.212776375871186,5.750714557687166,148596.25003878586,24118.367695,True,0.4846363494489468
0.39,22.785431719876012,2056.0835,14252.8085350576,22.19668657065917,5.753656134041121,152049.72766164143,24742.23673,True,0.480922539977699
0.4,23.349784951514334,2041.0558,14605.990456135904,22.17667808219178,5.75684850691413,155418.38199820893,25352.656375,True,0.4772332151328325
0.41,23.912906405435656,2026.0609,14961.154431518378,22.159948212495824,5.760367808396573,158746.90487767477,25981.638939999997,True,0.47356307446699125
0.42,24.47582131126418,2011.0715,15317.501117983338,22.14552620134812,5.763706442722417,162090.23116648663,26617.171006999997,True,0.4698964261001073
0.43,25.03797762227919,1996.1023,15669.301782478498,22.12611235000531,5.766357152271063,165457.4798134052,27218.086082,True,0.4662304294301434
0.44,25.59894722061563,1981.1647,16021.853488359195,22.10826328352013,5.769400115973427,168762.88489750563,27831.483602,True,0.4625860178210911
0.45,26.158399629325036,1966.2675,16375.124110696699,22.091757990867578,5.772488355460001,172051.13259386283,28451.918027,True,0.45895794708522686
0.46,26.715835377564847,1951.424,16729.00932479471,22.07627556084971,5.776063783965579,175257.38358569052,29086.234232000003,True,0.4553598006299758
0.47,27.2715624097643,1936.626,17079.115048744243,22.056922180122417,5.779440499710608,178431.54435546498,29697.843092,True,0.4517777694165449
0.48,27.825821072795023,1921.8671,17431.594526212022,22.040727264079145,5.783169037101056,181557.70412193728,30331.676162000003,True,0.44821843398226485
0.49,28.378615122076862,1907.1472,17783.454750610385,22.024284782406113,5.786951281056203,184646.7605042588,30965.509231999997,True,0.4446774165144029
0.5,28.930207437000675,1892.4593,18129.898816042714,22.002632420091324,5.790009383677448,187769.34767915448,31557.511801999994,True,0.4411370552279518
0.51,29.479204756795063,1877.8405,18480.099152507915,21.985224729161068,5.79399725313916,190765.5324035571,32190.57581,True,0.4376405900344137
0.52,30.026699908641902,1863.2617,18829.68425119136,21.96763479100808,5.798040578923825,193722.5416225274,32823.91001,True,0.43416311996966667
0.53,30.572764245518684,1848.721,19178.654779830962,21.94988799862152,5.802122427434996,196642.72804715007,33457.244210000004,True,0.43070386187710386
0.54,31.117454098723456,1834.2169,19525.270078975715,21.930312447150342,5.806314023667432,199496.12138045137,34081.89521,True,0.4272657448605935
0.55,31.660431480468006,1819.7584,19871.12168303156,21.910462847654628,5.810123751111631,202381.81824946962,34697.426337000004,True,0.4238359078548007
0.56,32.20271410953681,1805.3184,20214.748582665055,21.88917971298108,5.813989778084917,205212.63234923687,35303.796462,True,0.4204211666036392
0.57,32.7443583172279,1790.8954,20557.935271377435,21.8681927421293,5.81770321079126,208043.10140402557,35907.125422,True,0.417013904990302
0.58,33.28406472826664,1776.524,20896.422271739793,21.843390804597703,5.821760393376801,210742.8593577951,36492.82748199999,True,0.41363936361690506
0.59,33.82247927487048,1762.187,21239.886260547166,21.82369785620308,5.826043680332965,213428.02215170336,37115.073607,True,0.4102845578970016
0.6,34.359917412308405,1747.876,21582.836740600258,21.804109589041094,5.829841718485453,216172.50297791057,37726.795072,True,0.40692928699132863
0.61,34.896660797070595,1733.5835,21925.38025082693,21.784761209671384,5.833619667241493,218894.39291080937,38338.307032,True,0.4035857752404673
0.62,35.43174428625072,1719.3352,22267.159219749366,21.765167918692,5.837452804803515,221576.0021156423,38949.173182,True,0.40026252959750724
0.63,35.96535940626211,1705.126,22606.22482286332,21.74375226498514,5.8418627011144375,224096.67151137395,39559.848296,True,0.39697672268422646
0.64,36.49702921878141,1690.9686,22948.599539803912,21.72546197203196,5.846197185250945,226639.2354611574,40191.12927599999,True,0.39370721345256515
0.65,37.027305770529345,1676.8483,23288.269266178824,21.705384615384617,5.850640239388186,229108.13872892363,40812.081066,True,0.39046006471537603
0.66,37.556436919217276,1662.7585,23625.21114360627,21.683623910336237,5.854715942346474,231598.75951145985,41411.400666,True,0.3872173190102464
0.67,38.08479069599234,1648.6894,23961.663535154097,21.662071491855787,5.858759945993481,234067.59139497485,42009.839452,True,0.38398685291069967
0.68,38.61212675398293,1634.6474,24297.539238767,21.640609051839913,5.862792817768587,236509.8327482763,42607.34798199999,True,0.3807709008697611
0.69,39.137442396084055,1620.6592,24632.446859850217,21.61877936602475,5.867362690566773,238806.27414389444,43215.113677,True,0.37759586819272495
0.7,39.66040714534726,1606.7336,24970.827497358412,21.59987932159165,5.871867517515191,241123.9522478832,43844.709412,True,0.37444047168147165
0.71,40.181832172464205,1592.849,25308.54644163833,21.580852466396554,5.876405521531276,243401.984108274,44474.305147,True,0.3713053158223015
0.72,40.701169186134045,1579.02,25640.70318883512,21.55804794520548,5.880797318444557,245632.59046867746,45070.506202,True,0.36818879754791783
0.73,41.21872613078603,1565.2384,25971.982491944844,21.535037843247636,5.884784995511893,247919.69006796274,45653.965069,True,0.36507665685478724
0.74,41.73417252947169,1551.513,26304.69200941742,21.513420955201777,5.889623724968524,250006.16021625733,46270.874884,True,0.36201963083094035
0.75,42.247718685703695,1537.8382,26638.974374946818,21.49327701674277,5.894434207222682,252086.3950958734,46899.523099,True,0.3589824557207292
0.76,42.75958616925429,1524.2081,26972.548968329447,21.4730037851478,5.899286782728947,254122.7150134805,47528.347474,True,0.35596756849659805
0.77,43.269384416457136,1510.6331,27297.744174811567,21.44731809286604,5.903480069039362,256206.7717916522,48092.939065000006,True,0.352950157175683
0.78,43.77693692257838,1497.1179,27629.468403953717,21.426438648870157,5.908484516000862,258136.69473844056,48721.241200000004,True,0.3499885213923541
0.79,44.28268307174268,1483.6508,27952.72571310187,21.40027599560719,5.912892775497233,260102.1007477052,49286.129425,True,0.3470246996918244
0.8,44.78653273387318,1470.2342,28282.808415435247,21.379056792237446,5.917997560223554,261937.74636363937,49913.95524999999,True,0.34411124588351266
0.81,45.288125388662486,1456.8777,28609.31037016122,21.355802187270985,5.922790727241893,263787.84951040754,50515.026775,True,0.34120918067245903
0.82,45.78775395886035,1443.5735,28937.6005457032,21.33406420536808,5.928026460127771,265517.9570319627,51142.63488,True,0.33834961052662277
0.83,46.28592167072922,1430.3082,29257.146717317148,21.307191780821917,5.933560354986505,267064.13327562064,51730.523564999996,True,0.335526455570314
0.84,46.781535697087236,1417.1109,29580.92332494002,21.28333741030659,5.939002788602544,268641.61095133005,52344.368370000004,True,0.3327253158753864
0.85,47.27669907306098,1403.9256,29901.588169370843,21.258130539887187,5.944072235857991,270256.27085400186,52932.08684999999,True,0.3299211548704663
0.86,47.76938011650139,1390.8064,30226.729157457834,21.235993416162263,5.949447906261706,271804.1367071795,53558.941854,True,0.3271578763219505
0.87,48.25985297305888,1377.746,30545.271722801077,21.210172938644835,5.9541360710036395,273442.8000534016,54129.000068999994,True,0.324386099981811
0.88,48.74895510136423,1364.7221,30868.807249681355,21.187812629721876,5.959583471097561,274899.7893269195,54755.233914,True,0.3216722306920128
0.89,49.23681418569297,1351.7313,31188.873967009902,21.163817915961214,5.964659846451414,276394.9271538735,55352.729214000006,True,0.3189593134992143
0.9,49.72383581139095,1338.7628,31511.39523306731,21.141747843734144,5.970069849493806,277793.9095185753,55978.640154,True,0.31628115570481613
0.91,50.20906234639158,1325.8421,31827.241733023246,21.116157358623113,5.974754259445374,279302.15801366116,56545.06221900001,True,0.313587553777117
0.92,50.69304208199576,1312.9546,32148.385989274284,21.094061445304742,5.980200719540955,280621.6605374578,57170.619684000005,True,0.31095503851494827
0.93,51.17387853116967,1300.1508,32465.220397884576,21.069700986890556,5.985875043132658,281810.48084817524,57781.275759000004,True,0.3083681901161068
0.94,51.652491771781186,1287.4062,32781.05706214774,21.04510346837657,5.991145794704624,283073.1497694894,58376.31992399999,True,0.30578508315519953
0.95,52.12941131803183,1274.7067,33093.00798193035,21.01874309060322,5.996523376526366,284243.68106953823,58954.92827399999,True,0.3032320080063888
0.96,52.60401752564322,1262.0688,33407.04594301413,20.99387128995434,6.001896300038097,285404.65666265995,59549.262301999996,True,0.30070583321480676
0.97,53.075018530180486,1249.5269,33722.7507940104,20.970072494468766,6.007785356315702,286401.93010644056,60174.389807,True,0.2982467098788276
0.98,53.54276358569142,1237.0717,34033.93632621442,20.94403946510111,6.013434533743924,287399.10164495674,60767.893985999995,True,0.29580730623928553
0.99,54.00862342042815,1224.6667,34347.49739416523,20.919646234029795,6.0194810099259835,288269.31984490855,61392.85881600001,True,0.29341938726496614
1.0,54.47307121729419,1212.2993,34653.9000203645,20.891890410958904,6.024757271341143,289275.83372030803,61951.79119199999,True,0.2910055831344075
1.01,54.936486273696275,1199.9594,34962.991957131904,20.866031466160315,6.0304187595241485,290161.71492500114,62543.642201999995,True,0.2886378940683573
1.02,55.396987124280095,1187.6971,35270.820073168106,20.839777509177186,6.0360905886251315,291004.0900532026,63131.72926199999,True,0.2863036681083071
1.03,55.85571917210567,1175.4819,35577.8110603157,20.813478077758564,6.042346015235514,291631.9887214126,63739.01360699999,True,0.2840364522353866
1.04,56.31140932983743,1163.3477,35883.496992327855,20.7867656743941,6.0482358678660475,292328.669015507,64329.12684,True,0.2817787224343405
1.05,56.76490632236577,1151.2719,36184.78710939792,20.758195259839095,6.054758390603295,292762.98578150966,64919.12118,True,0.279596975171367
1.06,57.21508352372999,1139.2845,36488.07825439916,20.730874687688463,6.060825166793174,293322.07728258776,65508.54534,True,0.27741966161628434
1.07,57.662215079580534,1127.3782,36779.5825402712,20.698031622071436,6.067373699040791,293603.86565009435,66047.858685,True,0.2753148780573175
1.08,58.106068153885545,1115.5592,37076.52599633085,20.66817182479283,6.073766349986165,293945.5599370934,66618.24744,True,0.27323665751359516
1.09,58.548152425432285,1103.7873,37369.0005012787,20.636591470822335,6.079277464418354,294501.53993607685,67132.318635,True,0.2711180189398244
1.1,58.987852005362285,1092.0789,37667.43937141283,20.608257575757573,6.086112829681933,294649.69326996314,67735.78659,True,0.2691377384187465
1.11,59.42404402313474,1080.4639,37968.027636484265,20.581168497264386,6.092959465128629,294775.9499899389,68356.858481,True,0.26720039454576483
1.12,59.85759973615922,1068.9191,38263.85517520485,20.55213735322896,6.099989016673692,294770.3848452959,68960.00597600001,True,0.2653159848557522
1.13,60.28946551024271,1057.4193,38562.53913130627,20.524847456257326,6.106919567117345,294783.73094153055,69580.93900099999,True,0.26345591364760496
1.14,60.718946592709436,1045.983,38860.23053885015,20.497412480974127,6.113906231501551,294735.4467720068,70202.12442200001,True,0.26163776135367434
1.15,61.144563348131065,1034.6496,39148.85858111098,20.46601151479055,6.120784416918827,294619.7089375253,70767.746867,True,0.2598555087883735
1.16,61.56788929743267,1023.3772,39440.15165560758,20.43620492835774,6.128073064176961,294351.31841266993,71369.858882,True,0.2581484492879474
1.17,61.98949150901445,1012.1507,39722.97205527118,20.40300608828006,6.13465318665164,294224.78109950083,71896.08952699999,True,0.2564092813882499
1.18,62.4092873636393,1000.9723,40008.63639295289,20.371529873848772,6.1415956545768235,293963.2038537364,72458.004392,True,0.254739113448424
1.19,62.82720926374956,989.8438,40297.219650234634,20.34175875829784,6.14846498583237,293714.1758496992,73038.885572,True,0.25309744547120594
1.2,63.242355908576705,978.7892,40588.485076802186,20.313464611872146,6.155768637150351,293299.7136225812,73657.869542,True,0.2515410596145099
1.21,63.65405883338407,967.8263,40878.330748109285,20.284773010302278,6.1631822599859225,292800.1848412063,74276.853512,True,0.25004302612887397
1.22,64.06376763024106,956.9165,41155.35873677503,20.250917920503035,6.170045827277427,292366.64177872404,74798.404622,True,0.2485260128559038
1.23,64.47153487502582,946.0584,41439.364262792384,20.2204792664365,6.177211063253301,291842.7053697249,75379.359107,True,0.24707916267633073
1.24,64.87699253659122,935.2618,41714.29952809081,20.186545330681987,6.184190846209605,291286.8266122858,75900.553577,True,0.24565286212136053
1.25,65.280433537687,924.5189,41996.33816810312,20.15602191780822,6.191867931012287,290496.6177201378,76498.848353,True,0.2443451266625239
1.26,65.68322485114548,913.7933,42277.95987984908,20.12581177067478,6.1990156001898535,289858.06919048866,77076.50622,True,0.24301095579942886
1.27,66.08445015451862,903.1094,42558.838285411875,20.09569266170496,6.206075437079784,289212.0062835249,77649.83884499999,True,0.24170452886692473
1.28,66.484695293306,892.4516,42834.97728108139,20.06407231021689,6.213234825635157,288463.5764687769,78201.95507999999,True,0.2404456185392421
1.29,66.88358097010081,881.83,43106.139757644574,20.03085642986089,6.220586633019303,287577.09827976534,78735.36381000001,True,0.2392491388482503
1.3,67.28129120047667,871.2397,43372.29897139022,19.99608535300316,6.226522456533037,287149.1049740645,79180.18512,True,0.23791143833325282
1.31,67.67702983542135,860.7019,43650.14641182659,19.966420056467637,6.234143640866633,286141.1659602632,79774.57881,True,0.23682756370083755
1.32,68.07104473264621,850.21,43922.85673693516,19.935070741663203,6.241444009196644,285184.24966258043,80327.05173199999,True,0.23574526213488312
1.33,68.4636062823818,839.7568,44203.46790839795,19.907244996051773,6.248953875617261,284164.7913210632,80942.13733700001,True,0.23473165381030311
1.34,68.85350148401048,829.3746,44478.58682097961,19.877517378859125,6.256226931989971,283164.45980087644,81516.542552,True,0.23373442322170956
1.35,69.24047872440104,819.0701,44743.61327829315,19.844123118552343,6.262861252794127,282310.87483467604,82003.156247,True,0.23269710857863557
1.36,69.62521773454972,808.8252,45007.47662942249,19.810644137792103,6.269537272403355,281403.85344284517,82487.87115199999,True,0.23170826311386486
1.37,70.00813912148186,798.6287,45279.270423749156,19.780600273306,6.277382050865928,280062.8347034557,83078.802872,True,0.2309301343156584
1.38,70.38941187909155,788.4761,45550.25062051591,19.750603864734302,6.284804128492965,278845.14321907284,83649.631142,True,0.2301357168317108
1.39,70.76956927700019,778.3532,45816.08507496113,19.71905817811504,6.292287125392552,277537.9574526015,84194.89479199999,True,0.22939329841605927
1.4,71.14764241688157,768.2858,46090.01390684704,19.69088633398565,6.300024004533691,276145.0742889468,84806.831072,True,0.22873654150285938
1.41,71.52389417812655,758.2669,46344.749047522266,19.655873732957673,6.307023865143041,274894.549006891,85267.77990699999,True,0.22801403692325176
1.42,71.89857617386632,748.2898,46607.795366457605,19.624356871824556,6.314191421354838,273595.398420488,85792.587862,True,0.2273600496295712
1.43,72.27222918456204,738.3401,46860.86932681301,19.589589520068973,6.321975856004818,271958.61140760407,86287.035217,True,0.2268504659622388
1.44,72.64476308013678,728.4202,47117.83208053719,19.556686009639776,6.328696839663024,270739.3031549789,86759.930272,True,0.22620863286943987
1.45,73.0144315903516,718.5766,47382.85876098787,19.52698945048024,6.336202943318772,269217.8780625267,87324.56898699999,True,0.22574646022900285
1.46,73.38298474086533,708.7627,47647.27285978396,19.497444017013823,6.343694360600174,267664.94637142983,87888.60053200001,True,0.22532641981251159
1.47,73.74956254052802,699.0014,47910.75741661894,19.467868791352156,6.351213639077202,266061.51697676815,88452.024907,True,0.22495999005390446
1.48,74.11446917834905,689.2846,48173.42450740603,19.43832685425151,6.358686607596621,264438.7796892582,89011.982752,True,0.22463292585745306
1.49,74.47779478440529,679.6099,48440.16707594825,19.41054825166253,6.366522830178177,262653.9370822029,89619.40763199999,True,0.22441796288256724
1.5,74.84054581122159,669.9505,48682.119790890036,19.37446423135464,6.3732249087495525,261173.14837535284,90017.781058,True,0.22404415647192932
1.51,75.20274103589728,660.3059,48943.13443584337,19.345491245577428,6.380685409630915,259448.0469055383,90578.130943,True,0.22384681114777397
1.52,75.56423775247734,650.6799,49198.742730432714,19.315024933910117,6.388261357059807,257612.67947042407,91113.518698,True,0.22371670989821543
1.53,75.92467544065438,641.0821,49463.68543681546,19.288129346106782,6.395969721144961,255736.3698023425,91719.03059800001,True,0.2236559792885859
1.54,76.28299882744525,631.5406,49717.72528454966,19.257758850738302,6.403571230448231,253814.92098266562,92253.496074,True,0.22362848393465146
1.55,76.63986511132698,622.0379,49965.9160871858,19.2257394314332,6.411269049402785,251789.74455116573,92759.136684,True,0.2236700576493644
1.56,76.99515411886377,612.5772,50228.459666656825,19.198894303945675,6.419030874606376,249775.72495370987,93363.94328400001,True,0.22376949149637898
1.57,77.34893344761326,603.1567,50480.07847451372,19.168674199459034,6.4266232623299535,247746.4303134561,93894.061059,True,0.2238864073812362
1.58,77.70146973238616,593.7693,50736.161409206485,19.140276573608457,6.434542688593545,245564.02609669347,94473.31544399999,True,0.22411745826060303
1.59,78.05161757012242,584.4455,50980.798064097486,19.10833405129089,6.441268349593168,243813.20202017063,94922.02455899998,True,0.22415206105798594
1.6,78.39923049944717,575.1892,51239.82498886736,19.081381992009135,6.449140685266351,241599.28805591818,95525.56814399999,True,0.22447503947944458
1.61,78.74539383670255,565.9715,51492.93805187181,19.05277872316288,6.456726193329076,239449.40029878775,96080.23454399999,True,0.22478637925626976
1.62,79.09044556967675,556.7834,51729.62142624047,19.019168921585205,6.4646200126784175,237054.79704211326,96548.483124,True,0.2252176568109492
1.63,79.43400264554307,547.6351,51986.638567887116,18.992461551390875,6.472497729783266,234727.18207123782,97151.241864,True,0.22568708301532658
1.64,79.77645187254812,538.5163,52237.774487751296,18.9641622118276,6.480074422742594,232473.34456416615,97704.212664,True,0.22613758974093684
1.65,80.11747404000295,529.4355,52493.572037940816,18.937634564826343,6.4879451662629295,230075.25465303077,98306.667819,True,0.22670034568513786
1.66,80.4571329900454,520.391,52748.743870835526,18.911176899378336,6.49581662848355,227639.674044949,98909.122974,True,0.2273111085207308
1.67,80.79624740420685,511.361,52992.73210953284,18.881521204167008,6.5034442610132395,225232.7976453791,99429.93947,True,0.22791357873057896
1.68,81.1343816537825,502.3571,53241.590039944436,18.853714122635356,6.5114292761057335,222651.57500478602,100005.2126,True,0.2286440156610967
1.69,81.47078089937875,493.3994,53489.61798751172,18.82590378536111,6.519435138857979,220023.37554926868,100580.16413,True,0.2294285499296593
1.7,81.80483676297679,484.5041,53731.045321546044,18.796269137792105,6.527096196481421,217493.06404902413,101097.47516,True,0.23018191427760376
1.71,82.13818660763948,475.6276,53977.532753671505,18.768527864562472,6.534612276838502,215018.22235003137,101643.72636500001,True,0.23094048824886637
1.72,82.469936643438,466.7937,54217.63321182308,18.73909419135606,6.5418556919339945,212613.17132074735,102137.11514000001,True,0.2316783959128069
1.73,82.7998352572412,458.0091,54456.79160027977,18.70963589093885,6.549580935786937,209950.1211450945,102654.05135,True,0.23258155819405363
1.74,83.12719896263286,449.292,54706.10461987053,18.68345864168372,6.557540469411762,207184.21340829786,103254.08678,True,0.2335873626547809
1.75,83.45257605091389,440.6278,54937.43992294203,18.65209849967384,6.5660450433074615,204061.17626851052,103770.00146,True,0.23478762794790906
1.76,83.77722458774033,431.983,55173.93643966937,18.62262544105438,6.574354121207757,201015.57936523017,104312.997328,True,0.23598043943215385
1.77,84.10122343692946,423.3555,55409.96528271611,18.593342233573253,6.582120519095867,198192.05443227175,104826.774913,True,0.23707496877793574
1.78,84.42377644946907,414.7665,55656.81341477436,18.56752732030168,6.590069608023076,195288.095590882,105425.68457800001,True,0.238255844795321
1.79,84.74483480490088,406.2173,55902.98782651607,18.541747021759647,6.598028012798307,192343.7698866555,106024.594243,True,0.2394827729908061
1.8,85.06403047207768,397.7177,56142.47746754574,18.514226281075594,6.606189468700147,189245.78446395532,106594.662508,True,0.24081115054246377
1.81,85.3820920024541,389.2483,56375.46067172184,18.48508791846414,6.614521180564697,186010.70505545032,107135.20234300001,True,0.24223122673719227
1.82,85.69876402747902,380.8159,56619.56031880671,18.459428471072307,6.622507556439092,182945.64264369267,107733.69427,True,0.24359472511106525
1.83,86.01345319081315,372.4363,56856.85664643314,18.43201337425456,6.630181128322463,179977.92068461934,108273.19072,True,0.2449170435101911
1.84,86.32556238069736,364.1254,57087.009651925386,18.402739105618423,6.638156016804005,176809.65009760973,108786.11392,True,0.24636829894666626
1.85,86.63577883896764,355.8649,57310.190209084496,18.371724669875356,6.645731773426637,173784.6317990285,109233.49388200001,True,0.24775117975601182
1.86,86.94428658119757,347.6499,57532.439013554016,18.340714759169245,6.65343838165485,170663.46687218337,109685.58434200002,True,0.24920964498202472
1.87,87.2507663966983,339.4889,57765.83751057963,18.31308329060142,6.661779116106094,167231.77884840104,110252.000922,True,0.25088295491539214
1.88,87.55302887568625,331.4402,58003.62003373031,18.286760419702713,6.670064962096059,163806.39490528475,110848.36918199998,True,0.25258336097497686
1.89,87.85059332441821,323.5166,58233.3716954238,18.258248169892006,6.678218837131813,160390.95309453132,111387.35987699998,True,0.2542934922022453
1.9,88.14548391420352,315.6642,58443.385827060796,18.22446226868541,6.686927984748693,156612.68379507493,111830.57683199999,True,0.2562137532801159
1.91,88.43916525879105,307.844,58671.251559195516,18.19590296205982,6.695608224130829,152864.1275145812,112395.28363199998,True,0.25815586352678976
1.92,88.73158102688276,300.0575,58898.467928117345,18.167425917998475,6.7037148689680555,149369.23958078795,112925.80893199999,True,0.2599659160160061
1.93,89.02242702946926,292.3128,59131.220531788975,18.140697234248943,6.712225553422219,145651.97761681606,113521.067732,True,0.26192942768563293
1.94,89.31040389127594,284.6445,59356.45939316563,18.112082215317987,6.720528014914065,141988.63432503166,114057.43104199998,True,0.26387192175877205
1.95,89.5965218202475,277.0257,59580.81741844906,18.08345334269992,6.729324306955366,138039.38940048078,114621.03025699998,True,0.2659992522529052
1.96,89.88125399928745,269.4438,59804.47422426297,18.054885378809058,6.738128981244553,134050.49724209728,115184.35290399998,True,0.268165224652434
1.97,90.16436759236389,261.905,60014.52119855462,18.022923185684817,6.74640640126794,130269.26035924722,115628.146459,True,0.2702108141832996
1.98,90.44499509748712,254.4324,60242.73007755607,17.995997071168308,6.755092750086543,126285.53298442112,116222.730219,True,0.27240914331346455
1.99,90.72247556076024,247.0436,60450.205206326544,17.96373132787224,6.763181458131629,122535.18115169927,116644.912569,True,0.2744662435828651
2.0,90.99727465424695,239.7262,60623.779359005224,17.92277511415525,6.770796715366236,118935.40596777853,116812.196285,True,0.27642087930027687
2.01,91.26887788542523,232.4939,60834.85300878038,17.891884186374067,6.779166638651637,114991.16156293708,117282.22066299999,True,0.2786277521760619
2.02,91.53777345887801,225.3337,61051.31341382051,17.862588159500884,6.7878714722286135,110851.45662490837,117812.78789299999,True,0.280969878337097
2.03,91.80278968360625,218.2768,61259.55545972578,17.831280225836203,6.796416412649956,106749.02540097642,118281.47193799997,True,0.2832979178773922
2.04,92.06346464296603,211.3355,61459.28423019748,17.79789036619214,6.805129476060234,102513.47743809316,118706.11502299999,True,0.28571495228677746
2.05,92.32135683620297,204.4683,61624.2283424667,17.75580187103241,6.81503467877794,97563.8927350766,118970.68608799999,True,0.28855531137631957
2.06,92.57601936835265,197.6871,61807.47113466065,17.718649421465617,6.823897422405307,93165.26044318546,119298.980393,True,0.2910880868610797
2.07,92.82747101651442,190.9914,61989.05893971023,17.681301700747802,6.8323954851852955,88929.95477385214,119596.60841299998,True,0.29353321265944465
2.08,93.07697360176424,184.3476,62183.02525824998,17.647370587460482,6.841920725841107,84138.37016322603,120045.87584299999,True,0.29633477616711196
2.09,93.32346809569907,177.7839,62368.72419141924,17.6115651831946,6.850804819382002,79646.917016997,120402.20735299998,True,0.2989600694764725
2.1,93.56739388244357,171.2886,62573.618215814175,17.580800717547294,6.860643011692532,74639.2617281219,120953.212163,True,0.30192024752996377
2.11,93.80973863742327,164.8354,62770.854493971274,17.548373152416197,6.869708155166467,70003.95694663841,121407.111209,True,0.3046572628220169
2.12,94.04970621162595,158.4455,62960.05694817423,17.514172482122856,6.879075271800909,65166.972772395704,121828.335599,True,0.3075230436715779
2.13,94.28549400351453,152.1669,63154.35173372048,17.481368576757347,6.888832941110341,60093.3911209302,122312.84788400002,True,0.3105458369176357
2.14,94.51858164851741,145.9602,63347.37074143927,17.44845570349507,6.898566703198799,54999.20984465629,122790.83636900001,True,0.31358890816969043
2.15,94.74786505319308,139.8548,63545.71214437205,17.41699161091643,6.9082797842296655,49888.29180455161,123308.03696900001,True,0.3166520827154331
2.16,94.97293487677584,133.86159999999998,63742.28188006693,17.385210024522237,6.9179461138604,44768.6579839834,123813.854159,True,0.3197275611890698
2.17,95.19518813545693,127.94339999999998,63930.52091705502,17.351598699577046,6.9273486305508465,39755.696187681984,124248.89401399999,True,0.3227412236822725
2.18,95.41507172420077,122.08829999999999,64124.718390245165,17.319646223451045,6.937297652868847,34415.69813863654,124763.850419,True,0.3259639425896816
2.19,95.63215001430252,116.30789999999999,64324.82432811878,17.28929651174913,6.947573780742165,28865.192839656025,125344.759543,True,0.32932335766529564
2.2,95.84584467110238,110.61759999999997,64523.544489721884,17.258759339975093,6.957936928802145,23230.925424688496,125925.754123,True,0.33273948790272223
2.21,96.05541212146636,105.03719999999997,64713.381194682355,17.22621851691151,6.968065002739462,17689.20397921512,126433.75240299999,True,0.33610224307876596
2.22,96.26138563501578,99.5525,64901.67557645643,17.193463326340037,6.978289478943102,12060.726548254956,126941.09008300002,True,0.33952331947480835
2.23,96.46459140412182,94.14149999999997,65088.73406960406,17.16060927165878,6.989160021054499,6039.230121884029,127485.692773,True,0.34319253147095674
2.24,96.66630627153992,88.7702,65267.741424236185,17.12612269651011,6.999745362998537,142.2549576596357,127959.38973100002,True,0.34678772946067365
2.25,96.86497549344433,83.47999999999999,65452.72480086799,17.093224251648913,7.010706346269021,-5998.136313490104,128503.357036,True,0.35053834048140065
2.26,97.06002824601501,78.28609999999999,65643.55215716567,17.06183476785065,7.021529492993642,-12096.874955899548,129083.36594100001,True,0.35426614386814875
2.27,97.25253106849469,73.16009999999999,65833.29827244717,17.03038440649327,7.032407897821035,-18261.80873000808,129663.539706,True,0.3580376443276975
2.28,97.44255531386091,68.10009999999998,66007.12191879653,16.995458824000643,7.043323337700861,-24477.10324572539,130138.139811,True,0.3618446801797118
2.29,97.62987941234138,63.11199999999999,66187.13173949387,16.962162269944766,7.054558475086086,-30908.86795807071,130681.333251,True,0.3657887212134831
2.3,97.81557365859875,58.16729999999998,66366.40063529911,16.928942823108994,7.065817150409523,-37388.20839492697,131224.898467,True,0.3697645465306731
2.31,97.99861282300883,53.2933,66544.50207904767,16.895655676135128,7.077139642878006,-43937.67970836349,131768.48487699998,True,0.3737863804624718
2.32,98.17823831075806,48.5102,66728.70095855679,16.863910703038894,7.0883095853511175,-50439.15831304714,132349.146371,True,0.3777782536854767
2.33,98.35483693009297,43.80769999999999,66904.05072786343,16.830336390538342,7.099261998931803,-56843.75314069446,132856.54520599998,True,0.3817128000855187
2.34,98.52779654757491,39.202099999999994,67077.83398235186,16.796561682863057,7.11018130082686,-63260.73604815779,133354.425731,True,0.38565662839979026
2.35,98.69881836840452,34.64809999999999,67235.35202272946,16.759384533177887,7.121636273188189,-70001.62202993827,133776.291206,True,0.38981008249308813
2.36,98.8669184725761,30.171899999999994,67406.82981183888,16.725527242473493,7.133339018942506,-76932.25683672167,134318.04319099998,True,0.3940789085035195
2.37,99.03010648755917,25.826499999999996,67584.01334211972,16.693027859661292,7.144937734904011,-83844.14931080956,134897.545706,True,0.3983342471309177
2.38,99.18230238858598,21.7738,67756.96755844037,16.659400541038334,7.156923442160753,-91009.99738951353,135477.112541,True,0.4027515813884699
2.39,99.32546274940823,17.9617,67918.60769122152,16.62319309910013,7.168853845277211,-98162.82414536364,135975.959516,True,0.4071662178929657
2.4,99.45931717979535,14.3974,68084.37706405585,16.587806792237444,7.181472718733001,-105756.27094861632,136555.188611,True,0.4118563912241399
2.41,99.58667848922914,11.006,68231.8430357548,16.548470509104,7.193463113617015,-112988.07000193093,136964.042756,True,0.4163283364611168
2.42,99.70745654763273,7.7899,68384.46329365025,16.510319729046376,7.206772012553466,-121030.96960927546,137503.737413,True,0.42130891563615736
2.43,99.82092280355161,4.7685,68534.17154340596,16.471565477197135,7.220331801357272,-129250.33200254757,138043.66408,True,0.4264027431284666
2.44,99.92408418735025,2.0215,68687.78833363263,16.43355041545026,7.23398770487986,-137568.77983443532,138622.526637,True,0.43155660649792166
2.45,99.99965825679192,0.0091,68831.00350527484,16.392432205759015,7.248682040397876,-146512.89109873027,139201.673838,True,0.4371125066527492
2.46,100.0,0.0,68946.04195085762,16.34235623863088,7.266286650402526,-157146.9834934338,139781.023683,True,0.44375852875248434
