Load,J input,v cell,SEC gross,eta LVH,Q stack
15%,0.2874,1.655,44.45,0.7499,0.6994
20%,0.3832,1.684,45.23,0.7369,1.088
25%,0.479,1.711,45.96,0.7251,1.542
30%,0.5748,1.738,46.67,0.7142,2.06
35%,0.6706,1.763,47.35,0.7039,2.64
40%,0.7664,1.788,48.02,0.6941,3.281
45%,0.8621,1.812,48.67,0.6848,3.983
50%,0.9579,1.836,49.32,0.6759,4.746
55%,1.054,1.86,49.95,0.6672,5.569
60%,1.15,1.884,50.59,0.6589,6.452
65%,1.245,1.907,51.21,0.6508,7.394
70%,1.341,1.93,51.84,0.643,8.396
75%,1.437,1.953,52.46,0.6354,9.457
80%,1.533,1.976,53.07,0.628,10.58
85%,1.629,1.999,53.69,0.6208,11.76
90%,1.724,2.022,54.3,0.6138,12.99
95%,1.82,2.044,54.91,0.607,14.29
100%,1.916,2.067,55.52,0.6004,15.65
